<?xml version="1.0" encoding="UTF-8"?>
<project-private xmlns="http://www.netbeans.org/ns/project-private/1">
    <editor-bookmarks xmlns="http://www.netbeans.org/ns/editor-bookmarks/2" lastBookmarkId="0"/>
    <open-files xmlns="http://www.netbeans.org/ns/projectui-open-files/2">
        <group>
            <file>file:/C:/NetBeansProjects/SIS258-FRGS/Tareas/PagosRuat/src/pagosruat/Impuesto.java</file>
            <file>file:/C:/NetBeansProjects/SIS258-FRGS/Tareas/PagosRuat/src/pagosruat/UsuarioTCP.java</file>
            <file>file:/C:/NetBeansProjects/SIS258-FRGS/Tareas/PagosRuat/src/pagosruat/IRuat.java</file>
            <file>file:/C:/NetBeansProjects/SIS258-FRGS/Tareas/PagosRuat/src/pagosruat/ClienteRuatUDP.java</file>
            <file>file:/C:/NetBeansProjects/SIS258-FRGS/Tareas/PagosRuat/src/pagosruat/BancoTCP.java</file>
            <file>file:/C:/NetBeansProjects/SIS258-FRGS/Tareas/PagosRuat/src/pagosruat/Deuda.java</file>
            <file>file:/C:/NetBeansProjects/SIS258-FRGS/Tareas/PagosRuat/src/pagosruat/RuatServidorRMI.java</file>
            <file>file:/C:/NetBeansProjects/SIS258-FRGS/Tareas/PagosRuat/src/pagosruat/Ruat.java</file>
            <file>file:/C:/NetBeansProjects/SIS258-FRGS/Tareas/PagosRuat/src/pagosruat/AlcaldiaUDP.java</file>
        </group>
    </open-files>
</project-private>
